{"eventsLimit":5,"includeFollowers":"yes","includeRedemptions":"yes","includeHosts":"yes","minHost":1,"includeRaids":"yes","minRaid":1,"includeSubs":"yes","includeTips":"yes","minTip":1,"includeCheers":"yes","minCheer":1,"direction":"top","textOrder":"nameFirst","fadeoutTime":999,"fontColor":"rgb(255, 255, 255)","locale":"en-US","fontName":"DM Serif Display","fontSize":16,"fontWeight":"400","emoteSize":24,"alignMessages":"flex","messagesLimit":5,"hideAfter":999,"hideCommands":"yes","badgesVisibility":"inline","ignoredUsers":"StreamElements,OtherBot","testMessage":"Test message","selfColor":"#69D6CE","modColor":"#9D8BC9","regularColor":"#60B6D8","subColor":"#28568E"}