{
    "fontName": {
      "type": "text",
      "label": "Font name",
      "value": "DM Serif Display",
      "group": "Typography"
    },

    "fontSize": {
      "type": "number",
      "label": "Font size",
      "value": 24,
      "group": "Typography"
    },

    "fontWeight": {
      "label": "Font Weight",
      "type": "dropdown",
      "value": "400",
      "options": {
        "100": "Thin (100)",
        "300": "Light (300)",
        "400": "Regular (400)",
        "500": "Medium (500)",
        "700": "Bold (700)",
        "900": "Black (900)"
      },
      "group": "Typography"
    },

    "fontColor": {
      "type": "colorpicker",
      "label": "Font Color",
      "value": "rgba(255,255,255,1)",
      "group": "Typography"
    },

    "selfColor": {
      "type": "colorpicker",
      "label": "Self Chat Color",
      "value": "rgba(255,255,255,1)",
      "group": "Color"
    },

    "modColor": {
      "type": "colorpicker",
      "label": "Moderator Chat Color",
      "value": "rgba(255,255,255,1)",
      "group": "Color"
    },

    "regularColor": {
      "type": "colorpicker",
      "label": "Regular Chat Color",
      "value": "rgba(255,255,255,1)",
      "group": "Color"
    },

    "subColor": {
      "type": "colorpicker",
      "label": "Subscriber Chat Color",
      "value": "rgba(255,255,255,1)",
      "group": "Color"
    },
  
    "emoteSize": {
      "type": "number",
      "label": "Emote size",
      "value": 24,
      "group": "Typography"
    },

    "alignMessages": {
      "label": "Align Messages",
      "type": "dropdown",
      "value": "flex",
      "options": {
        "flex": "Bottom",
        "block": "Top"
      },
      "group": "Typography"
    },
    
    "messagesLimit": {
      "type": "number",
      "label": "Messages limit",
      "value": 5,
      "group": "Settings"
    },
    "hideAfter": {
      "type": "number",
      "label": "Hide after seconds (999 to disable)",
      "value": 999,
      "group": "Settings"
    },
    "hideCommands": {
      "label": "Hide messages with ! (commands)",
      "type": "dropdown",
      "value": "yes",
      "options": {
        "yes": "Yes",
        "no": "No"
      },
      "group": "Settings"
    },
    
    "badgesVisibility": {
      "label": "Show Badges?",
      "type": "dropdown",    
      "value": "inline",
      "options": {
        "inline": "Yes",
        "none": "No"      
      },
      "group": "Settings"  
    },
    
    "ignoredUsers": {
      "label": "Ignored users (comma separated)",
      "type": "text",
      "value": "StreamElements,OtherBot",
      "group": "Settings"
    },
  
    "testMessage": {
      "type": "button",
      "label": "Test message",
      "value": "Test message",
      "group": "Other"
    }
  }